The Shining,2,2019,[YTS.LT].mp4,1 21 4 5 16,Doctor.Sleep,../redesign-files/movies/The Shining/Doctor.Sleep 2019 [YTS.LT].mp4
The Shining,1,1980,idk.mkv,1 21 4 5 16,The.Shining,../redesign-files/movies/The Shining/The.Shining 1980 idk.mkv
unknown yet,1,1990,YIFY.BrRip.mp4,1 21 6 19 8 5,Edward.Scissorhands,../redesign-files/movies/Edward.Scissorhands 1990 YIFY.BrRip.mp4
unknown yet,1,1973,BRRip.x0r.mkv,1 2 3 16 5,Fantastic.Planet,../redesign-files/movies/Fantastic.Planet 1973 BRRip.x0r.mkv
unknown yet,1,1999,YIFY.BrRip.mp4,1 4 5 16,Fight.Club,../redesign-files/movies/Fight.Club 1999 YIFY.BrRip.mp4
unknown yet,1,2021,SHITTYCAM.HushRips.mkv,22 1 21 8 5 16,Free.Guy,../redesign-files/movies/Free.Guy 2021 SHITTYCAM.HushRips.mkv
unknown yet,1,1997,YIFY.bitloks.BrRip.mp4,1 21 16 19 5,Gattaca,../redesign-files/movies/Gattaca 1997 YIFY.bitloks.BrRip.mp4
unknown yet,1,2021,AAC-[YTS.MX].mp4,1 21 23 3 18 22,Godzilla.Vs..Kong,../redesign-files/movies/Godzilla.Vs..Kong 2021 AAC-[YTS.MX].mp4
unknown yet,1,2020,Mkvking.mkv,1 3 5,Made.in.Abyss.Dawn.of.the.Deep.Soul,../redesign-files/movies/Made.in.Abyss.Dawn.of.the.Deep.Soul 2020 Mkvking.mkv
unknown yet,1,2009,YIFY.BrRip.mp4,1 21 4 5 22,Moon,../redesign-files/movies/Moon 2009 YIFY.BrRip.mp4
unknown yet,1,1987,YIFY.mp4,1 21 8,Spaceballs,../redesign-files/movies/Spaceballs 1987 YIFY.mp4
unknown yet,1,2014,IMAX.2160p.HEVC-PSA.mkv,1 21,Interstellar,../redesign-files/movies/Interstellar 2014 IMAX.2160p.HEVC-PSA.mkv
unknown yet,1,1999,idk.mkv,1 2 3 8,South.Park.The.Movie,../redesign-files/movies/South.Park.The.Movie 1999 idk.mkv
unknown yet,1,2007,YIFY.BOKUTOX.mp4,1 21,Sunshine,../redesign-files/movies/Sunshine 2007 YIFY.BOKUTOX.mp4
unknown yet,1,1997,Ozlem.mp4,1 21,The.Devils.Advocate,../redesign-files/movies/The.Devils.Advocate 1997 Ozlem.mp4
unknown yet,1,0,NTSC.mkv,1 21,The.brother.from.another.planet,../redesign-files/movies/The.brother.from.another.planet 0000 NTSC.mkv
unknown yet,1,1982,YIFY.mkv,1 21 22,The.Thing,../redesign-files/movies/The.Thing 1982 YIFY.mkv
unknown yet,1,2007,[YTS.MX].mp4,1 21,Timecrimes,../redesign-files/movies/Timecrimes 2007 [YTS.MX].mp4
unknown yet,1,2021,GalaxyRG.mkv,1 21 19 5,Venom.Coast,../redesign-files/movies/Venom.Coast 2021 GalaxyRG.mkv
unknown yet,1,1983,YIFY.mp4,1 21 5 4 8 16 20 12,Videodrome,../redesign-files/movies/Videodrome 1983 YIFY.mp4
unknown yet,1,2016,BRRip.AAC-ETRG.mp4,1 21 22 6 19,Why.Him,../redesign-files/movies/Why.Him 2016 BRRip.AAC-ETRG.mp4
Venom,1,2021,HQ-C1NEM4.mkv,1 21 8,Let.There.Be.Carnage,../redesign-files/movies/Venom/Let.There.Be.Carnage 2021 HQ-C1NEM4.mkv
unknown yet,1,2020,STUTTERSHIT.mkv,1 2 21 8,Sonic.the.Hedgehog,../redesign-files/movies/Sonic.the.Hedgehog 2020 STUTTERSHIT.mkv
The Matrix,3,2003,anoXmous.mp4,1 21 5 16,The.Matrix.Revolutions,../redesign-files/movies/The Matrix/The.Matrix.Revolutions 2003 anoXmous.mp4
The Matrix,1,1999,anoXmous.mp4,1 21 5 16,The.Matrix,../redesign-files/movies/The Matrix/The.Matrix 1999 anoXmous.mp4
The Matrix,2,2003,anoXmous.mp4,1 21 5 16,The.Matrix.Reloaded,../redesign-files/movies/The Matrix/The.Matrix.Reloaded 2003 anoXmous.mp4
Blade Runner,1,1997,YIFY.mp4,1 21,Blade.Runner,../redesign-files/movies/Blade Runner/Blade.Runner 1997 YIFY.mp4
Ant Man,1,2015,DTS-JYK.mkv,1 21 8,Ant-Man,../redesign-files/movies/Ant Man/Ant-Man 2015 DTS-JYK.mkv
The Hunger Games,2,2013,HEVC.SUJAIDR.mkv,1 21,THG.Catching.Fire,../redesign-files/movies/The Hunger Games/THG.Catching.Fire 2013 HEVC.SUJAIDR.mkv
The Hunger Games,3,2014,HEVC.SUJAIDR.mkv,1 21,THG.Mockingjay.p1,../redesign-files/movies/The Hunger Games/THG.Mockingjay.p1 2014 HEVC.SUJAIDR.mkv
The Hunger Games,4,2015,HEVC.SUJAIDR.mkv,1 21,THG.Mockingjay.p2,../redesign-files/movies/The Hunger Games/THG.Mockingjay.p2 2015 HEVC.SUJAIDR.mkv
The Hunger Games,1,2012,HEVC.SUJAIDR.mkv,1 21,THG,../redesign-files/movies/The Hunger Games/THG 2012 HEVC.SUJAIDR.mkv
Twilight,1,2008,YIFY.BrRip.mp4,1 21,Twilight,../redesign-files/movies/Twilight/Twilight 2008 YIFY.BrRip.mp4
Twilight,3,2010,YIFY.BrRip.x264.mp4,1 21,Twilight.Eclipse,../redesign-files/movies/Twilight/Twilight.Eclipse 2010 YIFY.BrRip.x264.mp4
Twilight,2,2009,YIFY.GAZ.mp4,1 21,Twilight.New.Moon,../redesign-files/movies/Twilight/Twilight.New.Moon 2009 YIFY.GAZ.mp4
Twilight,4,2011,YIFY.BRrip.x264.GAZ.mp4,1 21,Twilight.Breaking.Dawn.Part.1,../redesign-files/movies/Twilight/Twilight.Breaking.Dawn.Part.1 2011 YIFY.BRrip.x264.GAZ.mp4
Twilight,5,2012,YIFY.BRrip.x264.GAZ.mp4,1 21,Twilight.Breaking.Dawn.Part.2,../redesign-files/movies/Twilight/Twilight.Breaking.Dawn.Part.2 2012 YIFY.BRrip.x264.GAZ.mp4
Studio Ghibli,1,1986,[NoobSubs] ,1 3 5,Laputa Castle in the Sky~Tenkuu no Shiro Laputa,../redesign-files/movies/Studio Ghibli/(1986) Laputa Castle in the Sky~Tenkuu no Shiro Laputa (720p Blu-ray 8bit Dual Audio) [NoobSubs] [F037638F].mkv
Studio Ghibli,2,1988,[NoobSubs] ,1 3 5,Grave of the Fireflies~Hotaru no Haka,../redesign-files/movies/Studio Ghibli/(1988) Grave of the Fireflies~Hotaru no Haka (720p Blu-ray 8bit Dual Audio) [NoobSubs] [3E904CC4].mkv
Studio Ghibli,3,1988,[NoobSubs] ,1 3 5,My Neighbour Totoro~Tonari no Totoro,../redesign-files/movies/Studio Ghibli/(1988) My Neighbour Totoro~Tonari no Totoro (720p Blu-ray 8bit Dual Audio) [NoobSubs] [C2D8E0C5].mkv
Studio Ghibli,4,1989,[NoobSubs] ,1 3 5, Kiki's Delivery Service~Majo no Takkyuubin ,../redesign-files/movies/Studio Ghibli/(1989) Kiki's Delivery Service~Majo no Takkyuubin (720p Blu-ray 8bit Dual Audio) [NoobSubs] [8B7E1A0A].mkv
Studio Ghibli,5,1991,[NoobSubs] ,1 3 5, Only Yesterday~Omoide Poroporo,../redesign-files/movies/Studio Ghibli/(1991) Only Yesterday~Omoide Poroporo (720p Blu-ray 8bit AAC) [NoobSubs] [9502069B].mkv
Studio Ghibli,6,1992,[NoobSubs] ,1 3 5,Porco Rosso~Kurenai no Buta,../redesign-files/movies/Studio Ghibli/(1992) Porco Rosso~Kurenai no Buta (720p Blu-ray 8bit Dual Audio) [NoobSubs] [5F2E500A].mkv
Studio Ghibli,7,1993,[NoobSubs] ,1 3 5,Ocean Waves~Umi ga Kikoeru,../redesign-files/movies/Studio Ghibli/(1993) Ocean Waves~Umi ga Kikoeru (720p Blu-ray 8bit AAC) [NoobSubs] [55E7E915].mkv
Studio Ghibli,8,1994,[NoobSubs] ,1 3 5,Pom Poko~Heisei Tanuki Gassen Ponpoko,../redesign-files/movies/Studio Ghibli/(1994) Pom Poko~Heisei Tanuki Gassen Ponpoko (720p Blu-ray 8bit Dual Audio) [NoobSubs] [AC83CD6F].mkv
Studio Ghibli,9,1995,[NoobSubs] ,1 3 5,Whisper of the Heart~Mimi o Sumaseba,../redesign-files/movies/Studio Ghibli/(1995) Whisper of the Heart~Mimi o Sumaseba (720p Blu-ray 8bit Dual Audio) [NoobSubs] [A95256EC].mkv
Studio Ghibli,10,1997,[NoobSubs] ,1 3 5,Princess Mononoke~Mononoke Hime,../redesign-files/movies/Studio Ghibli/(1997) Princess Mononoke~Mononoke Hime (720p Blu-ray 8bit Dual Audio) [NoobSubs] [8E2F16C6].mkv
Studio Ghibli,11,1999,[NoobSubs] ,1 3 5,My Neighbors the Yamadas~Houhokekyo Tonari no Yamada-kun,../redesign-files/movies/Studio Ghibli/(1999) My Neighbors the Yamadas~Houhokekyo Tonari no Yamada-kun (720p Blu-ray 8bit Dual Audio) [NoobSubs] [A3EB8740].mkv
Studio Ghibli,12,2001,[NoobSubs] ,1 3 5,Spirited Away~Sen to Chihiro no Kamikakushi,../redesign-files/movies/Studio Ghibli/(2001) Spirited Away~Sen to Chihiro no Kamikakushi (720p Blu-ray 8bit Dual Audio) [NoobSubs] [FAE6635D].mkv
Studio Ghibli,13,2002,[NoobSubs] ,1 3 5,The Cat Returns~Neko no Ongaeshi,../redesign-files/movies/Studio Ghibli/(2002) The Cat Returns~Neko no Ongaeshi (720p Blu-ray 8bit Dual Audio) [NoobSubs] [F9F6418B].mkv
Studio Ghibli,14,2004,[NoobSubs] ,1 3 5,Howl's Moving Castle~Howl no Ugoku Shiro,../redesign-files/movies/Studio Ghibli/(2004) Howl's Moving Castle~Howl no Ugoku Shiro (720p Blu-ray 8bit Dual Audio) [NoobSubs] [75B74076].mkv
Studio Ghibli,15,2006,[NoobSubs] ,1 3 5,Tales from Earthsea~Gedo Senki ,../redesign-files/movies/Studio Ghibli/(2006) Tales from Earthsea~Gedo Senki (720p Blu-ray 8bit Dual Audio) [NoobSubs] [D683446C].mkv
Studio Ghibli,16,2008,[NoobSubs] ,1 3 5,Ponyo on the Cliff by the Sea~Gake no Ue no Ponyo ,../redesign-files/movies/Studio Ghibli/(2008) Ponyo on the Cliff by the Sea~Gake no Ue no Ponyo (720p Blu-ray 8bit Dual Audio) [NoobSubs] [DD07D01E].mkv
Studio Ghibli,17,2010,[NoobSubs] ,1 3 5,The Secret World of Arrietty~Karigurashi no Arrietty ,../redesign-files/movies/Studio Ghibli/(2010) The Secret World of Arrietty~Karigurashi no Arrietty (720p Blu-ray 8bit Dual Audio) [NoobSubs] [E715EAC0].mkv
Studio Ghibli,18,2011,[NoobSubs] ,1 3 5, From Up On Poppy Hill~Kokuriko-zaka Kara,../redesign-files/movies/Studio Ghibli/(2011) From Up On Poppy Hill~Kokuriko-zaka Kara (720p Blu-ray 8bit AAC) [NoobSubs] [95813CBF].mkv
Studio Ghibli,19,2013,[NoobSubs] ,1 3 5,The Tale of the Princess Kaguya~Kaguya-hime no Monogatari,../redesign-files/movies/Studio Ghibli/(2013) The Tale of the Princess Kaguya~Kaguya-hime no Monogatari (720p Blu-ray 8bit Dual Audio) [NoobSubs] [0E196B20].mkv
Studio Ghibli,20,2013,[NoobSubs] ,1 3 5,The Wind Rises~Kaze Tachinu,../redesign-files/movies/Studio Ghibli/(2013) The Wind Rises~Kaze Tachinu (720p Blu-ray 8bit Dual Audio) [NoobSubs] [14C83088].mkv
Studio Ghibli,21,2014,[NoobSubs] ,1 3 5,When Marnie Was There~Omoide no Marnie,../redesign-files/movies/Studio Ghibli/(2014) When Marnie Was There~Omoide no Marnie (720p Blu-ray 8bit Dual Audio) [NoobSubs] [79304891].mkv
Studio Ghibli,22,1984,[NoobSubs] ,1 3 5,Nausicaä of the Valley of the Wind,../redesign-files/movies/Studio Ghibli/Noob Subs(1984) Nausicaä of the Valley of the Wind~Kaze no Tani no Nausicaä (720p Blu-ray 8bit Dual Audio) [NoobSubs] [86760B55].mkv
unknown yet,1,2021,XviD.AC3-EVO.avi,1 21,Mortal.Kombat,../redesign-files/smhconverted/Mortal.Kombat 2021.mp4
unknown yet,1,2016,BRRip.XviD.AC3-EVO.avi,1 21,The.Greasy.Strangler,../redesign-files/smhconverted/The.Greasy.Strangler 2016.mp4
unknown yet,1,1966,idk.avi,1 21 5,Seconds,../redesign-files/smhconverted/Seconds 1966 idk.mp4
unknown yet,1,0,idk.avi,1 3 5,Wizards.by.Ralph.Bakshi,../redesign-files/smhconverted/Wizards.Ralph.Bakshi's 0000 idk.mp4
unknown yet,1,1982,pennsylvania.avi,1 21,Liquid.Sky.cd1,../redesign-files/smhconverted/Liquid SKy/Liquid.Sky.cd1 1982 penny.mp4
unknown yet,2,1982,pennsylvania.avi,1 21,Liquid.Sky.cd2,../redesign-files/smhconverted/Liquid SKy/Liquid.Sky.cd2 1982 pennsylvania.mp4
unknown yet,9,2021,SomeCoontS.avi,1 21 8,Fast.And.Furious.9,../redesign-files/smhconverted/Fast And Furious/Fast.and.Furious.9 2021.mp4
Invasion of the Body Snatchers,2,1978,VPPV.mp4,1 21,Invasion.of.the.Body.Snatchers,../redesign-files/smhconverted/Invasion of the Body Snatchers/Invasion.of.the.Body.Snatchers 1978 VPPV.mp4
Invasion of the Body Snatchers,1,1956,[Don,1 21,Invasion.of.the.Body.Snatchers,../redesign-files/smhconverted/Invasion of the Body Snatchers/Invasion.Of.The.Snatchers 1956.mp4
Hitmans Bodyguard,1,2017,XviD.AC3-EVO.avi,1 21 8,The.Hitmans.Bodyguard,../redesign-files/smhconverted/Hitmans Bodyguard/The.Hitmans.Bodyguard 2017 idk.mp4
Hitmans Bodyguard,2,2021,XviD-EVO.avi,1 21 8,The.Hitmans.Wifes.Bodyguard,../redesign-files/smhconverted/Hitmans Bodyguard/The.Hitmans.Wife 2021.mp4
The Purge,1,2021,AC3.EVO.avi,1 21 8,The.Forever.Purge,../redesign-files/smhconverted/The Purge/The.Forever.Purge 2021 AC3.EVO.mp4
